Name,Slug,Description,Category
ZKTeco,zkteco,Leading biometric and security solutions manufacturer,Access Control | Security Solutions
Hikvision,hikvision,World's largest video surveillance manufacturer,CCTV Surveillance | Access Control
Dahua,dahua,Global video-centric IoT solution provider,CCTV Surveillance
Uniview,uniview,Professional video surveillance solutions,CCTV Surveillance
CP Plus,cpplus,Trusted security and surveillance brand,CCTV Surveillance
Ahuja,ahuja,India's premier PA system manufacturer,PA System | Conference System
Bosch,bosch,German engineering for security and communication,Conference System | PA System
ITC,itc,Professional audio and conference systems,PA System | Conference System
TOA,toa,Japanese professional audio equipment manufacturer,PA System
Sennheiser,sennheiser,Premium audio equipment from Germany,PA System | Conference System
Shure,shure,World-class microphones and audio electronics,PA System | Conference System
JBL,jbl,Professional audio solutions by Harman,PA System
Yamaha,yamaha,Japanese audio and musical equipment,PA System
CMX,cmx,Professional conference system solutions,Conference System
HTDZ,htdz,Digital conference system specialist,Conference System
BXB,bxb,Conference and interpretation systems,Conference System
Motorola,motorola,Global leader in two-way radio communications,Walkie Talkie
Kenwood,kenwood,Japanese professional radio manufacturer,Walkie Talkie
Hytera,hytera,Professional mobile radio solutions,Walkie Talkie
Baofeng,baofeng,Affordable two-way radio brand,Walkie Talkie
Icom,icom,Japanese radio communications manufacturer,Walkie Talkie
Iradio,iradio,Professional radio communication devices,Walkie Talkie
Kirisun,kirisun,DMR digital radio specialist,Walkie Talkie
YANTON,yanton,Professional two-way radio manufacturer,Walkie Talkie
Iridium,iridium,Global satellite communications,Walkie Talkie
TP-Link,tp-link,Global networking equipment provider,Networking
Mikrotik,mikrotik,Latvian network equipment manufacturer,Networking
Cisco,cisco,World leader in networking solutions,Networking
D-Link,d-link,Global networking solutions provider,Networking
Netgear,netgear,Home and business networking,Networking
Ruijie,ruijie,Enterprise network solutions,Networking
Grandstream,grandstream,Unified communications solutions,PABX & IP Phone | Conference System
Dinstar,dinstar,VoIP gateway and telecom solutions,PABX & IP Phone
Fanvil,fanvil,Enterprise IP phone manufacturer,PABX & IP Phone
Flyingvoice,flyingvoice,VoIP products and solutions,PABX & IP Phone
Snom,snom,German IP phone manufacturer,PABX & IP Phone
Yealink,yealink,Global UC solutions provider,PABX & IP Phone
Panasonic,panasonic,Japanese electronics and telecom,PABX & IP Phone | Office Equipment
Logitech,logitech,Swiss computer peripherals and video,Conference System
Jabra,jabra,Danish audio and video solutions,Conference System
Aver,aver,Document cameras and video conferencing,Conference System
Poly,poly,Enterprise video and voice solutions,Conference System
Philips,philips,Dutch electronics multinational,Office Equipment
Honeywell,honeywell,American multinational conglomerate,Security Solutions
Suprema,suprema,Korean biometric solutions provider,Access Control
Anviz,anviz,Biometric and security specialist,Access Control
eSSL,essl,Time attendance and access control,Access Control
Excelltel,excelltel,PABX system manufacturer,PABX & IP Phone
Hellotel,hellotel,Telecom solutions provider,PABX & IP Phone
IKE,ike,PABX and intercom systems,PABX & IP Phone
Miracall,miracall,Telephone systems manufacturer,PABX & IP Phone
TCS,tcs,Telecom and intercom solutions,PABX & IP Phone
KORES,kores,Office equipment manufacturer,Office Equipment
COMIX,comix,Office supplies and equipment,Office Equipment
